image,caption,instruction
/scratch/t-thang/code_base/misc/2023-10/filtered/000003520.jpg,"Photo wallpaper field, the sky, the sun, landscape, sunset, clouds, nature, USA, cereals, sorghum, Kansas","Change the sunset to a sunrise, replace the cereals with a field of lavender, and add a windmill in the distance."
/scratch/t-thang/code_base/misc/2023-10/filtered/000000531.jpg,Adrianus Eversen | A Dutch town in winter | Kunsthandel Bies | Bies Gallery,Transform the winter scene into a summer scene with green trees and people in summer clothing.
/scratch/t-thang/code_base/misc/2023-10/filtered/000001372.jpg,"Do you know these secret things to do in Kauai? If you're traveling to Kauai, you've got to give them a try! You will love them.","Transform the image into a sunset scene, replace the palm trees with pine trees, and add a campfire in the foreground."
/scratch/t-thang/code_base/misc/2023-10/filtered/000008646.jpg,"""""""""""""""Shannon with White Earring""""""""    16x20, Oil on Canvas    $780""""""",Change the color of Shannon's earring to ruby red and modify the style to resemble a Picasso painting.
/scratch/t-thang/code_base/misc/2023-10/filtered/000002891.jpg,"2017 Laguna Plein Air Best in Show, Before Sunrise by Aimee Erickson",Add a warm sunrise glow to the sky and enhance the colors of the landscape to make it more vibrant.
/scratch/t-thang/code_base/misc/2023-10/filtered/000004179.jpg,How to Create a Realistic scene of Rocket Launch in Photoshop,"Add realistic smoke and fire effects to the rocket launch, enhance the colors of the sky to make it more vibrant, and add a crowd of spectators in the foreground to give a sense of scale and excitement."
/scratch/t-thang/code_base/misc/2023-10/filtered/000002192.jpg,Painting of Mountain Pass,"Add a waterfall flowing down the mountain, make the sky a vibrant sunset, and add a family of deer grazing in the foreground."
/scratch/t-thang/code_base/misc/2023-10/filtered/000003051.jpg,'Dorothy's Tigers' by Michael Jackson Fine Artist,Replace the tigers with lions and add a vibrant sunset in the background.
/scratch/t-thang/code_base/misc/2023-10/filtered/000005679.jpg,Snow Night Wallpapers Top Free Snow Night Backgrounds Wallpaperaccess,"Add a snowman in the foreground, replace the snowflakes with cherry blossoms, and transform the style to be like a Monet painting."
/scratch/t-thang/code_base/misc/2023-10/filtered/000004553.jpg,Industrial style living room design the essential guide for Apartment accessories,"Change the industrial style living room to a minimalist style, replace the apartment accessories with modern art pieces, and add a large window with a city view."
/scratch/t-thang/code_base/misc/2023-10/filtered/000006054.jpg,Explore nantucket style russian painting and more,Transform the image to have a warm sunset glow with the addition of a sailboat on the water.
/scratch/t-thang/code_base/misc/2023-10/filtered/000009399.jpg,Trippy Wallpapers Hd: Trippy Shroom Wallpaper (65+ Images,Change the mushroom into a tree and add a small pond beside it; transform the style to resemble a Salvador Dali painting.
/scratch/t-thang/code_base/misc/2023-10/filtered/000009394.jpg,Tuscanyphoto preview,"Change the time of day to a sunset, add a vineyard in the foreground, and transform the style to impressionism."
/scratch/t-thang/code_base/misc/2023-10/filtered/000001254.jpg,Parallel Worlds in Photographs of Karezoid Michal Karcz,Add a waterfall in the background and make the sky a vibrant sunset with shades of pink and orange.
/scratch/t-thang/code_base/misc/2023-10/filtered/000009663.jpg,wallpaper Anna Kournikova Wallpaper,Change the background to a tennis court and add a tennis racket in Anna Kournikova's hand.
/scratch/t-thang/code_base/misc/2023-10/filtered/000009766.jpg,"Jimmy Nelsons  Maasai Warrior , Ngorongoro, Serengeti, Tanzania. Gjengitt med tillatelse fra WILLAS Contemporary.","Transform the Maasai Warrior's attire into a traditional Samurai outfit, and change the background to a cherry blossom garden in full bloom."
/scratch/t-thang/code_base/misc/2023-10/filtered/000008157.jpg,"The night sky over the Grand Teton National Park in Wyoming, USA. The bright summer Milky ...","Transform the image to a winter scene with snow-capped mountains and replace the night sky with a bright, sunny day."
/scratch/t-thang/code_base/misc/2023-10/filtered/000002451.jpg,M-HOWSE_051_Brisbane City from Mt Cootha_30cm Promo.jpg,"Change the cityscape to a forest landscape, add a river flowing through the middle, and transform the style to be like a Monet painting."
/scratch/t-thang/code_base/misc/2023-10/filtered/000000053.jpg,Asian Architecture Backgrounds on Wallpapers Vista,"Change the Asian architecture to a European castle style, and add a moat around it."
/scratch/t-thang/code_base/misc/2023-10/filtered/000002485.jpg,Bright Day in Provence by Sharon Schwenk,"Change the image to a sunset scene with warm hues, replace the field with a lavender field, and add a windmill in the background."
/scratch/t-thang/code_base/misc/2023-10/filtered/000009853.jpg,Watercolor Painting of a street scene,"Transform the street scene into a bustling cityscape with skyscrapers and traffic, and make it look like a nighttime setting with bright city lights."
/scratch/t-thang/code_base/misc/2023-10/filtered/000002689.jpg,Icon for Become Pirate Legend,"Change the background to a stormy sea scene, add a pirate ship, and transform the image to a vintage style."
/scratch/t-thang/code_base/misc/2023-10/filtered/000008127.jpg,"Yellow Tulips, encaustic beeswax on wood panel, 20%22x16%22 ©Kevin Frank.jpg",Change the yellow tulips to red roses and transform the style to be like a Monet painting.
/scratch/t-thang/code_base/misc/2023-10/filtered/000004814.jpg,Alpine Mirror...,"Add a reflection of the mountains in the lake to enhance the ""Alpine Mirror"" effect, and adjust the lighting to create a sunrise ambiance."
/scratch/t-thang/code_base/misc/2023-10/filtered/000005484.jpg,cute-child-girl-with-flowers-outdoors-k5.jpg,"Transform the image into a sunset scene, change the flowers to roses, and make the girl wear a fairy costume."
/scratch/t-thang/code_base/misc/2023-10/filtered/000003668.jpg,mt-hood-bed-breakfast-elopement-snow-49,"Add a warm sunset glow to the sky, make the snow on the mountain appear more golden, and add a couple holding hands in the foreground to give a romantic feel to the image."
/scratch/t-thang/code_base/misc/2023-10/filtered/000001967.jpg,"""""""STARRY NIGHT FANTASY STARS SKY SPACE MOON 35"""""""" Poster""""""","Change the moon to a full moon, add a shooting star, and transform the style to be like a Monet painting."
/scratch/t-thang/code_base/misc/2023-10/filtered/000005415.jpg,"""""""""""""""Determination of the African Girl Child"""""""" – art print""""""","Change the background to a vibrant sunset, add a traditional African hut in the distance, and transform the style to be reminiscent of a Picasso painting."
/scratch/t-thang/code_base/misc/2023-10/filtered/000004961.jpg,Mary Pickford - Silent Movie Star,"Change the background to a vintage Hollywood movie set, add a spotlight shining on Mary Pickford, and transform the image into a sepia tone."
/scratch/t-thang/code_base/misc/2023-10/filtered/000005705.jpg,Resting in the WoodBy Anton Dieffenbach,"Transform the image into a winter scene by adding snow on the ground and trees, and change the sky to a twilight hue."
/scratch/t-thang/code_base/misc/2023-10/filtered/000002150.jpg,Fantasy - City  Wallpaper,"Add twinkling stars and a full moon to the night sky, and change the city lights to a warm, golden glow."
/scratch/t-thang/code_base/misc/2023-10/filtered/000003141.jpg,Before the Party by Carrie Graber,Add a string of fairy lights above the table and make the lighting in the room warmer and cozier.
/scratch/t-thang/code_base/misc/2023-10/filtered/000000896.jpg,Apples and green bottle 16x20 Oil on canvas,Change the green bottle to a red wine bottle and replace the apples with a bowl of fresh strawberries.
/scratch/t-thang/code_base/misc/2023-10/filtered/000004330.jpg,This image may contain Outdoors Human Person Nature Tommy Caldwell Cliff Footwear Clothing Apparel and Shoe,"Change the cliff into a waterfall, add a rainbow across the sky, and transform the style to be like a Monet painting."
/scratch/t-thang/code_base/misc/2023-10/filtered/000001573.jpg,"A man walks down Madison Avenue on a clear, warm day. Behind him, three women are wearing white gloves.","Change the clear day to a snowy day, make the man wear a red coat, and add a Santa hat to him. For the three women, change their gloves to red and add snowflakes falling around them."
/scratch/t-thang/code_base/misc/2023-10/filtered/000001481.jpg,"""""""Traveler"""" original fine art by Robert LaDuke""","Change the traveler's outfit to a Victorian era style, replace the background with a desert landscape, and transform the style to resemble a Salvador Dali painting."
/scratch/t-thang/code_base/misc/2023-10/filtered/000001796.jpg,"laurel_John_Singer_Sargent_-_The_Fountain,_Villa_Torlonia,_Frascati,_Italy_-_Google_Art_Project","Change the style of the image to resemble a Monet painting, replace the fountain with a statue, and add more laurel trees in the background."
/scratch/t-thang/code_base/misc/2023-10/filtered/000002781.jpg,James Norton,Change the background to a beach setting and add a surfboard next to James Norton.
/scratch/t-thang/code_base/misc/2023-10/filtered/000003986.jpg,Watercolor Painting - On The Beach Of Cefalu by Andre MEHU,"Transform the beach into a snowy landscape, replace the ocean with a frozen lake, and change the style to resemble a Thomas Kinkade painting."
/scratch/t-thang/code_base/misc/2023-10/filtered/000000604.jpg,Willard Service Station at 19th and L Streets,"Transform the service station into a retro diner, add a vintage car parked in front, and change the overall color scheme to sepia."
/scratch/t-thang/code_base/misc/2023-10/filtered/000001086.jpg,Kate Upton Photos,"Change the background to a beach setting, add a sun hat and sunglasses to Kate Upton, and adjust the lighting to give a sunset vibe."
/scratch/t-thang/code_base/misc/2023-10/filtered/000009835.jpg,"The old gardener Simpson and his wife; 1854 © National Portrait Gallery, London","Transform the image into a sunset scene, replace the outfits of the gardener and his wife with Victorian era clothing, and add a rose garden in the background."
/scratch/t-thang/code_base/misc/2023-10/filtered/000002799.jpg,Evening approaches Pall Mall 12x12 Oil on board,Change the evening scene to a bright morning scene with the sun rising in the background; replace the oil painting effect with a digital art style.
/scratch/t-thang/code_base/misc/2023-10/filtered/000003705.jpg,An analysis of the painting among the sierra nevada mountains in california by albert bierstadt,"Change the mountains to a desert landscape, replace the river with a road, and add a few cacti in the foreground."
/scratch/t-thang/code_base/misc/2023-10/filtered/000005432.jpg,Witness the incredible mountains and valleys of the highlands in Iceland by helicopter.,"Transform the image into a sunset scene, replace the helicopter with a hot air balloon, and add a flock of birds in the sky."
/scratch/t-thang/code_base/misc/2023-10/filtered/000007378.jpg,THE WANAKA TREE AND THE GOLDEN SUNSET,"Change the golden sunset to a bright midday sun, make the Wanaka tree a cherry blossom tree, and add a small rowboat on the water."
/scratch/t-thang/code_base/misc/2023-10/filtered/000006927.jpg,"David Yarrow -  The Prize, Amboseli, Kenya, 2012.","Transform the image into a winter scene with snow on the ground and falling from the sky, replace the elephant with a polar bear, and make it a black and white image."
/scratch/t-thang/code_base/misc/2023-10/filtered/000000748.jpg,Beautiful Portraits by Harold Aspers from Netherlands.,"Change the background to a sunset scenery, add a soft glow around the person, and transform the image style to resemble a vintage photograph."
/scratch/t-thang/code_base/misc/2023-10/filtered/000002435.jpg,15 Portraits Of Stunning Redheads With Majestic Animals,Transform one of the redhead's hair color to blonde and make the animals appear as if they are in a snowy environment.
/scratch/t-thang/code_base/misc/2023-10/filtered/000008818.jpg,Chanel unveils Les Beiges Healthy Glow Foundation Hydration and Longwear campaign.,"Add a soft, warm filter to the image to enhance the 'healthy glow' effect, and replace the background with a serene beach setting."
/scratch/t-thang/code_base/misc/2023-10/filtered/000005098.jpg,"""""""Sense Of the Night II, 36""""""""x34"""""""", oil on canvas, 2007","Transform the oil painting style into a modern, digital art style; replace the night sky with a sunset sky; and add a silhouette of a tree in the foreground."
/scratch/t-thang/code_base/misc/2023-10/filtered/000005381.jpg,Grace Kelly,"Change the background to a royal palace interior, add a tiara on Grace Kelly's head and a royal gown, transform the image to a vintage style."
/scratch/t-thang/code_base/misc/2023-10/filtered/000006503.jpg,Scarlett Johansson 2014 Wallpapers,Change the background to a beach setting and add a sunset; adjust the lighting to match the sunset; add a flower lei around Scarlett Johansson's neck.
/scratch/t-thang/code_base/misc/2023-10/filtered/000006602.jpg,Sighisoara Medieval City Tour on beautiful country home,"Transform the country home into a medieval castle, add a horse-drawn carriage on the path, and change the overall style to a sunset scene."
/scratch/t-thang/code_base/misc/2023-10/filtered/000008672.jpg,Native Feathers Wallpapers - Top Free Native Feathers ...,"Change the background to a sunset sky, add a dreamcatcher hanging from the top, and transform the style to look like a vintage photograph."
/scratch/t-thang/code_base/misc/2023-10/filtered/000003616.jpg,Escape From Tarkov Wallpaper 4k: Tarkov/Stalker/Post Apocalyptic Art,"Change the overall color scheme to a sepia tone, add more ruins and debris to emphasize the post-apocalyptic theme, and insert a group of survivors in the distance."
/scratch/t-thang/code_base/misc/2023-10/filtered/000008075.jpg,Disney's Live-Action Mulan Character Posters,"Change the background to a sunset scene, replace Mulan's outfit with a traditional red Chinese dress, and add a dragon in the sky."
/scratch/t-thang/code_base/misc/2023-10/filtered/000009112.jpg,"Pink Pajamas, 48 x 32 inches, oil on linen","Change the color of the pajamas from pink to royal blue, add a soft glow around the subject, and convert the style to a digital oil painting."
/scratch/t-thang/code_base/misc/2023-10/filtered/000003954.jpg,"""""""An Evening Journey"""" by Evgeny Lushpin""","Change the evening setting to a bright sunny day, replace the street lamps with tall palm trees, and transform the image style to resemble a Monet painting."
/scratch/t-thang/code_base/misc/2023-10/filtered/000006026.jpg,10 Top Legend Of Zelda Desktop Wallpaper FULL HD 1920×1080 For PC Background 2018 free download 103 the legend of zelda breath of the wild hd wallpapers 1 800x800,"Change the background to a twilight sky with stars, add a full moon behind the castle, and transform the style to resemble a Studio Ghibli animation."
/scratch/t-thang/code_base/misc/2023-10/filtered/000005811.jpg,Dreamland Wave Art F10,"Transform the wave into a giant sand dune, replace the sky with a sunset, and add a silhouette of a camel caravan in the distance."
/scratch/t-thang/code_base/misc/2023-10/filtered/000007402.jpg,"Park Bo-Gum, Record Of Youth, Netflix","Change the background to a film set, add a director's chair with the name 'Park Bo-Gum', and make the overall image style resemble a vintage film poster."
/scratch/t-thang/code_base/misc/2023-10/filtered/000004149.jpg,contemporary landscape oil painting of old growth trees in New York,Change the season to autumn with leaves turning red and yellow; add a deer in the foreground; make the style impressionistic.
/scratch/t-thang/code_base/misc/2023-10/filtered/000007275.jpg,"Extrêmement Édouard Leon Cortès (French painter) 1882 – 1969 A Spring Day, oil  IZ49","Change the season from spring to autumn, replace the oil painting style with a modern pop art style, and add a few pedestrians on the street."
/scratch/t-thang/code_base/misc/2023-10/filtered/000007693.jpg,"Ma famille, 1914 de Edmund Charles Tarbell (1862-1938, United States) | Reproductions D'art Sur Toile | ArtsDot.com","Transform the style of the image to be like a Monet painting, replace the people with a group of deer, and change the setting to be a snowy winter scene."
/scratch/t-thang/code_base/misc/2023-10/filtered/000006757.jpg,ambassador-enus-the-south-korean-actor-jung-woo-sung-has-been-appointed-as-longines-ambassador-of-elegance-1600x1432,"Change the background to a red carpet event, add a luxury watch on Jung Woo-sung's wrist, and make the image black and white except for the watch which should be in color."
/scratch/t-thang/code_base/misc/2023-10/filtered/000008836.jpg,"Prudence Heward, At the Theatre, 1928","Change the image to a night scene, add a spotlight on the main character, and transform the style to be reminiscent of a Picasso painting."
/scratch/t-thang/code_base/misc/2023-10/filtered/000008650.jpg,getting off the beaten path in prague,"Change the setting to dusk with a vibrant sunset, replace the path with a cobblestone street, and add a vintage street lamp."
/scratch/t-thang/code_base/misc/2023-10/filtered/000008512.jpg,Work In Progress – The Bronze Cowboy,Transform the bronze cowboy statue into a silver one and add a sunset background.
/scratch/t-thang/code_base/misc/2023-10/filtered/000004745.jpg,Emilii Wilk 1983 | Polish Figurative painter,Change the style of the image to resemble a Picasso painting; replace the fig tree in the background with a cherry blossom tree; add a river flowing beside the house.
/scratch/t-thang/code_base/misc/2023-10/filtered/000009131.jpg,Les fabuleuses illustrations en digital painting de Bayard Wu,"Change the style of the image to resemble a Monet painting, add a river flowing through the scene, and replace the trees with weeping willows."
/scratch/t-thang/code_base/misc/2023-10/filtered/000007180.jpg,"""""""Dwyer, """"""""Grace,"""""""" Oil on Canvas, 52 x 42 inches""""""","Transform the style of the image to be like a Picasso cubist painting, and replace the current color scheme with a monochromatic blue palette."
/scratch/t-thang/code_base/misc/2023-10/filtered/000004299.jpg,Spirited away art,"Change the style of the Spirited Away art to resemble a Picasso painting, and replace the character with a dragon."
/scratch/t-thang/code_base/misc/2023-10/filtered/000000284.jpg,Country kitchens made in Italy Arrital Village,"Change the kitchen cabinets to a rustic wood finish, add a hanging pot rack over the island, and replace the current flooring with terracotta tiles."
/scratch/t-thang/code_base/misc/2023-10/filtered/000009506.jpg,10 Best Lord Of The Rings Wallpaper Rivendell FULL HD 1080p For PC Desktop 2020 free download lotr wallpaper 1920x1080 69 images 1 800x800,"Transform the style of the Rivendell image to resemble the artwork of Salvador Dali, and replace the elven buildings with modern skyscrapers."
/scratch/t-thang/code_base/misc/2023-10/filtered/000005633.jpg,Colours Around the Br... by  Henry Lobo - Masterpiece Online,"Transform the image into a winter scene with snow on the ground and bare trees, while maintaining the original painting style."
/scratch/t-thang/code_base/misc/2023-10/filtered/000001962.jpg,Star Wars-Themed Lands Coming to Walt Disney World and Disneyland Resorts,"Transform the Star Wars-themed land into a futuristic city with flying cars and skyscrapers, while maintaining the Disney aesthetic."
/scratch/t-thang/code_base/misc/2023-10/filtered/000002782.jpg,Canadian Pacific Train 8776,"Change the Canadian Pacific Train 8776 to a vintage steam engine, add mountains in the background, and make it a sunset scene."
/scratch/t-thang/code_base/misc/2023-10/filtered/000009895.jpg,David Lynch by mgenccinar,Transform the image into a pop art style and replace the background with a vibrant color gradient.
/scratch/t-thang/code_base/misc/2023-10/filtered/000005212.jpg,Bring Thyself to Account by Duffy Sheridan - 44 1/2 x 27 1/2 inches Signed woman figure brunette girl,Change the brunette girl to a blonde and replace the background with a beach scene.
/scratch/t-thang/code_base/misc/2023-10/filtered/000000628.jpg,Assumption of Mary Church on Bled Island in Slovenia.,"Change the church to a modern glass structure, add a small boat on the water, and transform the style to be like a Monet painting."
/scratch/t-thang/code_base/misc/2023-10/filtered/000002885.jpg,Bowl of Cherries,Change the cherries to apples and make the bowl a crystal glass bowl.
/scratch/t-thang/code_base/misc/2023-10/filtered/000003545.jpg,Ousel Falls Winter,"Transform the winter scene into a spring setting by replacing the snow with green grass, add blooming flowers around the falls, and make the water in the falls appear more vibrant."
/scratch/t-thang/code_base/misc/2023-10/filtered/000002659.jpg,06-Twiggy-Glen-Preece-Tattoo-Celebrity-Drawings-&-Paintings-www-designstack-co,"Change the background to a city skyline at sunset, and add a vintage filter to the overall image."
/scratch/t-thang/code_base/misc/2023-10/filtered/000009573.jpg,Karol Bak on Markus Walter's art blog,"Change the background to a sunset scene, add a unicorn in the background, and transform the style to resemble a fantasy-themed oil painting."
/scratch/t-thang/code_base/misc/2023-10/filtered/000000327.jpg,"""Perpetual Motion Machine 30"""" x 24""""  Oil on Panel  2017 private commission collection of Lizann and Paul Lizotte""","Change the color palette of the painting to cool tones, add a moon in the sky, and replace the machine with a large tree."
/scratch/t-thang/code_base/misc/2023-10/filtered/000001190.jpg,Joakim Ericsson Samurai Digital Artwork Wallpaper by crenk,"Change the samurai's armor to a vibrant red color, add a dragon tattoo on his arm, and transform the background into a cherry blossom forest."
/scratch/t-thang/code_base/misc/2023-10/filtered/000005864.jpg,WARNING: Embargoed for publication until 00:00:01 on 29/11/2015 - Programme Name: Doctor Who   - TX: 05/12/2015 - Episode: HELL BENT (By Steven Moffat) (No. 12) - Picture Shows: ***EMBARGOED UNTIL 00:01hrs 29th NOV 2015*** Doctor Who (PETER CAPALDI) - (C) BBC   - Photographer: Simon Ridgway,"Change the background to a futuristic cityscape, add a spaceship in the sky, and transform Doctor Who's outfit into a modern, sleek suit."
/scratch/t-thang/code_base/misc/2023-10/filtered/000000488.jpg,Sweet Memories by Michael And Inessa Garmash,"Change the style of the image to resemble a Monet painting, replace the woman's dress with a red one, and add a white picket fence in the background."
/scratch/t-thang/code_base/misc/2023-10/filtered/000008535.jpg,League of Legends : Battleborn Kayle by Shappi,Transform the image into a night scene with a full moon in the background and add glowing effects to Battleborn Kayle's armor and sword.
/scratch/t-thang/code_base/misc/2023-10/filtered/000007156.jpg,"Yellow field, oil on canvas, 34 x 40in, 2017",Change the yellow field to a lavender field and add a small pond in the middle.
/scratch/t-thang/code_base/misc/2023-10/filtered/000003301.jpg,"Dragonstone, Gaztelugatxe and San Juan Church in the Morning, Basque Country, Spain","Transform the morning scene into a sunset scene, replace the San Juan Church with a lighthouse, and add a flock of seagulls in the sky."
/scratch/t-thang/code_base/misc/2023-10/filtered/000003699.jpg,Fine art paintings giclee art prints on canvas koi fish for Koi carp wall art,"Change the koi fish to goldfish, add a cherry blossom tree in the background, and transform the style to be like a Japanese woodblock print."
/scratch/t-thang/code_base/misc/2023-10/filtered/000009942.jpg,What is the middle name of the American actress Grace Kelly?,"Change the background to a Hollywood red carpet event, add a spotlight on Grace Kelly, and transform the style of the image to be in the theme of a vintage movie poster."
/scratch/t-thang/code_base/misc/2023-10/filtered/000003001.jpg,Yamdrok Lake seen along Great Bike tour in Central Tibet,"Transform the image into a winter scene with snow on the ground and falling from the sky, replace the bike with a snowmobile, and make it a sunset scene with a pink and orange sky."
/scratch/t-thang/code_base/misc/2023-10/filtered/000006268.jpg,A landscape photograph of a supercell thunderstorm on the Saskatchewan prairie over a gold canola field,Turn the canola field into a lavender field and make the thunderstorm into a clear sky with a rainbow.
/scratch/t-thang/code_base/misc/2023-10/filtered/000003201.jpg,Falling In Love Hd Wallpapers Original Watercolor Landscape Painting 5x7 Milky Way Galaxy,"Change the Milky Way Galaxy to a bright full moon, add a silhouette of a couple under a tree, and transform the image to a realistic style."
/scratch/t-thang/code_base/misc/2023-10/filtered/000000272.jpg,Free Haunted high quality background ID:447032 for hd 1920x1440 PC,"Transform the haunted house into a castle, make it daytime with a bright sun in the sky, and add a moat around the castle."
/scratch/t-thang/code_base/misc/2023-10/filtered/000001212.jpg,Picture of Louis Pasteur - The Father of Microbiology,"Transform the background into a laboratory setting, add a microscope on the table, and change the style to be like a vintage photograph."
/scratch/t-thang/code_base/misc/2023-10/filtered/000001176.jpg,download wallpapers rivendell - photo #27,"Transform the image to a winter scene, with snow on the ground and icicles hanging from the rooftops of the Rivendell buildings."
/scratch/t-thang/code_base/misc/2023-10/filtered/000003874.jpg,White-Lipped Green Tree Frog Fern,"Change the fern to a maple leaf, make the frog a vibrant blue color, and add a soft morning light effect to the image."
/scratch/t-thang/code_base/misc/2023-10/filtered/000005075.jpg,"Albert Bierstadt, Sierra Nevada, California, 1868. Smithsonian American Art Museum, Washington, DC","Change the time of day to sunset, add a flock of birds in the sky, and make the style similar to Thomas Kinkade's paintings."
/scratch/t-thang/code_base/misc/2023-10/filtered/000000572.jpg,"Limited edition print of the coast near Fowey, Cornwall by artist Amanda Hoskin","Transform the coast into a sandy beach, replace the sea with a calm lake, and make the style similar to a Monet painting."
/scratch/t-thang/code_base/misc/2023-10/filtered/000006436.jpg,The Norwegian landscape photographer Martynas Milkevicius 02,Transform the landscape into a winter scene with snow on the ground and icicles hanging from the trees; replace the sky with a northern lights display.
/scratch/t-thang/code_base/misc/2023-10/filtered/000006705.jpg,22nd Annual National Juried Fine Art Exhibition of the Plein Air Artists of Colorado,"Change the time of day to sunset, add a river flowing through the scene, and transform the style to be like a Monet painting."
/scratch/t-thang/code_base/misc/2023-10/filtered/000007191.jpg,When the Boats are Away by Walter Langley,"Transform the style of the image to be like a Monet painting, replace the boats with swans, and add a sunset in the background."
/scratch/t-thang/code_base/misc/2023-10/filtered/000002736.jpg,23 Cute Short Hairstyles With Bangs,"Change the hair color to blonde, add a sun hat, and adjust the style to be like a vintage photograph."
/scratch/t-thang/code_base/misc/2023-10/filtered/000004274.jpg,'Mutiny' - Samantha Keely Smith - Foto: samanthakeelysmith.com,"Change the color palette to cool tones, add a lighthouse in the distance, and make the waves more turbulent."
/scratch/t-thang/code_base/misc/2023-10/filtered/000006621.jpg,"Producer Yoshiaki Nishimura (L) and Writer Director Isao Takahata attend the 87th Annual Academy Awards at Hollywood & Highland Center on February 22, 2015 in Hollywood, California.","Transform the background into a red carpet event, add a golden trophy in Yoshiaki Nishimura's hand, and change Isao Takahata's suit color to blue."
/scratch/t-thang/code_base/misc/2023-10/filtered/000007862.jpg,Wild Ride: Zhao Channels His Inner Cowboy for GQ China,"Transform the background into a wild west desert landscape, add a cowboy hat to Zhao, and make the image style similar to a vintage western film poster."
/scratch/t-thang/code_base/misc/2023-10/filtered/000002675.jpg,Red City | Marianne von Werefkin 1860-1938 | Russian-born Swiss Expressionist painter,Transform the red city into a snowy landscape and add a Christmas tree in the foreground.
/scratch/t-thang/code_base/misc/2023-10/filtered/000007793.jpg,Alan Ladd in This Gun for Hire With Veronica Lake,"Transform the image into a noir style, make Veronica Lake's dress red, and add a vintage sepia tone."
/scratch/t-thang/code_base/misc/2023-10/filtered/000000971.jpg,Citaten Marilyn Monroe Instagram : Photographs of what marilyn monroe would be like today,Transform the image into a pop-art style and add a vibrant color scheme to it.
/scratch/t-thang/code_base/misc/2023-10/filtered/000000560.jpg,Mikko-Lagerstedt-Divided_small,"Change the image to a winter scene with snow on the ground and falling from the sky, and transform the style to be like a Thomas Kinkade painting."
/scratch/t-thang/code_base/misc/2023-10/filtered/000009237.jpg,"David Yudkin, Founder of Hot Lips Pizza pictured behind pizza pie","Change the pizza pie to a pepperoni pizza and add a neon sign in the background that says ""Hot Lips Pizza""."
/scratch/t-thang/code_base/misc/2023-10/filtered/000001801.jpg,"Lot 665 - Michael Crawley (Modern) Winter Broadway, New York Watercolour Signed to lower right hand corner","Change the season from winter to autumn, add more pedestrians on the street, and transform the style to be like a Monet painting."
/scratch/t-thang/code_base/misc/2023-10/filtered/000008284.jpg,steampunk city scapes,Transform the steampunk cityscape into a futuristic city with neon lights and flying cars.
/scratch/t-thang/code_base/misc/2023-10/filtered/000001366.jpg,"Photo wallpaper autumn, the sun, light, birds, South America, Patagonia, the Andes mountains","Change the season from autumn to spring, add cherry blossom trees in the mountains, and make the birds into eagles."
/scratch/t-thang/code_base/misc/2023-10/filtered/000008644.jpg,Alfred Stevens - The Painter and His Model,"Change the model's dress color to royal blue, add a chandelier to the ceiling, and make the painting style similar to Picasso's cubism."
/scratch/t-thang/code_base/misc/2023-10/filtered/000002623.jpg,Split Rock Moonrise 007,"Transform the image into a sunset scene with the rock split in half, add a campfire near the rock and a silhouette of a person sitting by the fire."
/scratch/t-thang/code_base/misc/2023-10/filtered/000006928.jpg,Early Lovers by Eastman Johnson,"Transform the style of the image to be like a Monet painting, replace the couple with a lone figure, and change the season to autumn with leaves falling."
/scratch/t-thang/code_base/misc/2023-10/filtered/000007424.jpg,Crossing sweeper and Victorian woman,"Change the Victorian woman's dress to a royal blue color, add a horse-drawn carriage in the background, and make the overall image style resemble a vintage sepia photograph."
/scratch/t-thang/code_base/misc/2023-10/filtered/000009913.jpg,Composite of Swallow Nest  in Hair,Change the swallow nest to a birdhouse and add a few swallows flying around it; make the hair blonde and transform the style to be like a vintage photograph.
/scratch/t-thang/code_base/misc/2023-10/filtered/000007344.jpg,Taiwan Photographer Henry Westheim: Beauty and Fashion Portrait Photography,"Change the background to a beach setting, add a soft sunset lighting effect, and adjust the model's dress color to a vibrant red."
/scratch/t-thang/code_base/misc/2023-10/filtered/000008077.jpg,Home Interior Design — Industrial loft features exposed brick and ...,Transform the exposed brick to a white plastered wall and change the industrial loft style to a modern minimalist style.
/scratch/t-thang/code_base/misc/2023-10/filtered/000004268.jpg,"Fuji,mountain,Japan,azalea,flower,cloud,blue,red,white,, Takashi","Change the azalea flowers to cherry blossoms, make the mountain snowy, and transform the style to be like a traditional Japanese painting."
/scratch/t-thang/code_base/misc/2023-10/filtered/000000517.jpg,Personal Painting Fantasy architecture medieval concept worldbuilding design zbrush photoshop,Add a dragon flying in the sky and change the style to resemble a Tolkien-inspired fantasy setting.
/scratch/t-thang/code_base/misc/2023-10/filtered/000000910.jpg,Lake Louise at Banff National Park,"Change the season to winter with snow on the mountains and frozen lake, add a family of deer near the lake, and transform the style to be like a Thomas Kinkade painting."
/scratch/t-thang/code_base/misc/2023-10/filtered/000009587.jpg,DOU-601H-ColorsOfRain-60x50-mc,"Transform the image into a winter scene with snow covering the ground and the trees, and add a snowman in the foreground."
/scratch/t-thang/code_base/misc/2023-10/filtered/000005020.jpg,captain marvel brie,Change the background to a city skyline at sunset; add a glowing effect to her hands; make her costume more vibrant in color; add a faint silhouette of a flying spaceship in the sky.
/scratch/t-thang/code_base/misc/2023-10/filtered/000003391.jpg,Portrait of a Young Man as Hunter,"Change the background to a dense forest, replace the hunting gear with fishing gear, and transform the image style to be like a Rembrandt painting."
/scratch/t-thang/code_base/misc/2023-10/filtered/000002277.jpg,Amazon's New 'Lord of the Rings' TV Series Will Hit Your Streaming Queue in September 2022,"Transform the image into a fantasy style, add a dragon in the sky, replace the modern buildings with medieval castles, and make the atmosphere appear more mystical with a foggy effect."
/scratch/t-thang/code_base/misc/2023-10/filtered/000007052.jpg,Tomorrowland Movie 2015 for 1680 x 945 HDTV resolution,"Change the daytime scene to a night scene, add a full moon in the sky, and replace the modern buildings with medieval castles."
/scratch/t-thang/code_base/misc/2023-10/filtered/000008997.jpg,Elizabeth Vigée Le Brun: The Avatar Painter Of Marie Antoinette's Day,"Change the background to a royal palace interior, add a crown on Marie Antoinette's head, and make the overall color tone more golden."
/scratch/t-thang/code_base/misc/2023-10/filtered/000004954.jpg,Figurative Oil Paintings by Tina Spratt,"Add a bouquet of roses in the woman's hand, change the color of the dress to red, and transform the style to be impressionist."
/scratch/t-thang/code_base/misc/2023-10/filtered/000001466.jpg,"Brazilian model Marlon Teixeira fronts the Spring/Summer 2014 campaign of Coca-Cola Clothing, photographed by Pedrita Junckes and styled by Fabio Ishimoto.","Change the background to a beach setting, add a surfboard next to Marlon Teixeira, and adjust the lighting to give a sunset effect."
/scratch/t-thang/code_base/misc/2023-10/filtered/000003970.jpg,"Five stories about Paul Cezanne, which all the same won't help understand him better",Change the style of the image to resemble a Picasso Cubism painting; replace the apple with a pear; add a wine bottle next to the fruit bowl.
/scratch/t-thang/code_base/misc/2023-10/filtered/000002085.jpg,"Autumn in the park by Lilian Iatco - Landscapes Forests ( canon, walking, colors, day, alone,  )",Transform the autumn scene into a spring scene with blooming cherry blossom trees and a clear blue sky.
/scratch/t-thang/code_base/misc/2023-10/filtered/000003376.jpg,"' Night night shopping, Johnson's court' - Ann Flynn Art","Transform the style of the image to a vintage sepia tone, replace the shopping items with antique items, and add a horse-drawn carriage in the background."
/scratch/t-thang/code_base/misc/2023-10/filtered/000007210.jpg,"Photo wallpaper look, girl, pose, mood, chess, Albert Forest, Виктория Макаренко",Change the chess board to a picnic blanket and replace the chess pieces with picnic food items.
/scratch/t-thang/code_base/misc/2023-10/filtered/000003137.jpg,"Church of the Good Shepherd, Tekapo, New Zealand",Transform the image to a winter scene with snow covering the church and surrounding landscape; replace the sky with a vibrant sunset.
/scratch/t-thang/code_base/misc/2023-10/filtered/000004815.jpg,Car Background Wallpaper Download Wallpaper Futuristic Cyberpunk Future World 4k Art 20448,"Change the car to a futuristic motorcycle, add neon lights to the buildings, and make it a rainy night scene."
/scratch/t-thang/code_base/misc/2023-10/filtered/000009931.jpg,"The Edge of Spring, Harford, Dartmoor Watercolour 15'' x 15'' SOLD","Transform the spring season into autumn, replace the green foliage with shades of orange and red, and add a pumpkin patch in the field."
/scratch/t-thang/code_base/misc/2023-10/filtered/000004329.jpg,Enjoy The Spectacular Scenery Of Yosemite,"Change the season to autumn with leaves changing colors, add a family of deer near the lake, and transform the image to a Monet style painting."
/scratch/t-thang/code_base/misc/2023-10/filtered/000003828.jpg,boulder vet clinic girl kissing dog in field boulder's best veterinary hospital for dogs and cats,"Change the field into a beach setting, replace the dog with a golden retriever, and add a sunset in the background."
/scratch/t-thang/code_base/misc/2023-10/filtered/000005502.jpg,13 St Michael's Mount,"Change the image to a sunset scene, replace the mount with a lighthouse, and add some seagulls in the sky."
/scratch/t-thang/code_base/misc/2023-10/filtered/000006066.jpg,"Brad Pitt and Angelina Jolie arrive at the 68th Annual Golden Globe Awards on Jan. 16, 2011 in Beverly Hills, Calif.",Change the background to the red carpet of the Oscars; replace Angelina Jolie's dress with a royal blue gown; and make Brad Pitt's suit black.
/scratch/t-thang/code_base/misc/2023-10/filtered/000002547.jpg,white - Woman in White BBC 2018 - Page 2 15678609-low_res-the-woman-in-white-4334ac9,Change the woman's dress color to red and add a Victorian era hat to her outfit.
/scratch/t-thang/code_base/misc/2023-10/filtered/000007163.jpg,roy-gonzalez-tabora-1956-hawaiian-seascape-painter-tuttart,"Transform the seascape into a daytime setting, change the color of the sea to turquoise, and add a sailboat in the distance."
/scratch/t-thang/code_base/misc/2023-10/filtered/000009525.jpg,Montgomery-Lee Fine Art | Cache County Farm,"Transform the image into a winter scene with snow on the ground and the farm, and change the sky to a sunset."
/scratch/t-thang/code_base/misc/2023-10/filtered/000006139.jpg,"Susan Grossman      Heading Home (North Beach),  2016 Charcoal & pastel on artist board 45 x 35 inches      For More Information     Artist Biography, Exhibitions & Collections","Change the charcoal and pastel style to a vibrant, modern pop art style; add a bustling cityscape in the background; replace the figure with a cyclist."
/scratch/t-thang/code_base/misc/2023-10/filtered/000004531.jpg,Join The Industrial Loft Revolution,Change the industrial loft to a modern loft with glass windows and add a city skyline in the background.
/scratch/t-thang/code_base/misc/2023-10/filtered/000003676.jpg,"Game Of Thrones, series, actress, Emilia Clarke, Daenerys Targaryen, Game of Thrones","Transform the image into a Renaissance style painting, and replace the actress's modern clothing with a traditional royal gown."
/scratch/t-thang/code_base/misc/2023-10/filtered/000003366.jpg,Fire Escape New York City 1940s : It s a hard knock life the city as playground mcny,"Transform the image into a sunset scene with the sky in hues of orange and pink; add vintage street lamps along the street, and replace the fire escape with an ivy-covered trellis."
/scratch/t-thang/code_base/misc/2023-10/filtered/000000020.jpg,La fo alton brown los angeles 20170308 q70xcd,"Change the image into a night scene, add a full moon in the sky and replace the cityscape with a mountain range."
/scratch/t-thang/code_base/misc/2023-10/filtered/000004362.jpg,RONE,Change the color of the RONE text to red and add a graffiti style to it.
/scratch/t-thang/code_base/misc/2023-10/filtered/000009377.jpg,Oriental sunset + Video (Commission) by Nikulina-Helena,"Change the sunset to a sunrise, add a flock of birds in the sky, and transform the style to be like a Monet painting."
/scratch/t-thang/code_base/misc/2023-10/filtered/000009113.jpg,Traditional Cormorant Fisherman on the Li River,"Change the time of day to dusk with a vibrant sunset in the background, replace the Li River with a calm lake, and add a small wooden dock under the fisherman."
/scratch/t-thang/code_base/misc/2023-10/filtered/000003840.jpg,Tea table solid wood tea table new Chinese kung fu tea modern tea table and chairs combination of wood board guests to negotiate,"Change the wood of the tea table to mahogany, replace the chairs with modern style armchairs, and add a traditional Chinese tea set on the table."
/scratch/t-thang/code_base/misc/2023-10/filtered/000001443.jpg,Magical Tree Within A Fantasy World Wallpaper Download,"Change the fantasy world to a winter wonderland with snow covering the tree and ground, and add northern lights in the sky."
/scratch/t-thang/code_base/misc/2023-10/filtered/000004061.jpg,"Artist Roger Dellar, 'Light Coming Through the Market', Norwich Market, Oil, 12x12in, £500. Paint Out Norwich 2018","Change the market scene to a beach scene, replace the people with palm trees, and transform the style to be like a Monet painting."
/scratch/t-thang/code_base/misc/2023-10/filtered/000002073.jpg,Dawn over the Val d'Orcia 2-5:08 AM by CitizenFresh,"Transform the dawn scene into a sunset scene, replace the Val d'Orcia with a lavender field, and add a small windmill in the distance."
/scratch/t-thang/code_base/misc/2023-10/filtered/000009038.jpg,"Gorgeous romantic and elegant couple portrait at Ponte Vecchio, Florence at sunrise time. Romantic experience with anyone around the couple",Change the sunrise to a sunset and add a gondola in the river under the bridge.
/scratch/t-thang/code_base/misc/2023-10/filtered/000008123.jpg,Walk In Wardrobes For Men & Dream Closet Inspiration,"Change the wardrobe to a modern style with glass doors, add a luxurious chandelier in the center, and make the overall color scheme black and white."
/scratch/t-thang/code_base/misc/2023-10/filtered/000000071.jpg,Rocky Mountain Landscape Meadow In Spring Western Panorama,"Transform the rocky mountain landscape into a winter scene with snow-capped mountains, replace the spring meadow with a frozen lake, and add a log cabin in the foreground."
/scratch/t-thang/code_base/misc/2023-10/filtered/000005059.jpg,sexy naked athletes,"Add clothing to the athletes, change the background to a stadium, and make the image look like a vintage sports poster."
/scratch/t-thang/code_base/misc/2023-10/filtered/000007303.jpg,Fairy Lights - ORIGINAL Kerry Darlington,Transform the fairy lights into glowing fireflies and add a mystical unicorn in the background.
/scratch/t-thang/code_base/misc/2023-10/filtered/000007325.jpg,Nereids Artwork by Natasa Ilincic,"Transform the Nereids Artwork by Natasa Ilincic into a Monet-style impressionist painting, and change the color palette to pastel shades."
/scratch/t-thang/code_base/misc/2023-10/filtered/000009162.jpg,ANTOINETTE BARBOUTTIS  Remy  charcoal on rag paper 104 x 85.5 cm,"Transform the charcoal style of the image into a vibrant, colorful oil painting while maintaining the original composition."
/scratch/t-thang/code_base/misc/2023-10/filtered/000000055.jpg,Artwork Photography of Western Tricycle,"Transform the tricycle into a vintage bicycle, change the background to a countryside setting with rolling hills, and adjust the image style to resemble a classic oil painting."
/scratch/t-thang/code_base/misc/2023-10/filtered/000001263.jpg,Image result for Teresa Palmer,Change the background to a beach setting and add a sunset.
/scratch/t-thang/code_base/misc/2023-10/filtered/000006431.jpg,"""""""The Two Blind Men at Jericho"""" -- by James Tissot""","Transform the image into a night scene with the two men illuminated by a lantern, and replace the background with a desert."
/scratch/t-thang/code_base/misc/2023-10/filtered/000004679.jpg,Lighthouse Artistic wallpapers HD quality,Change the lighthouse to a castle tower and add a dragon flying in the sky.
/scratch/t-thang/code_base/misc/2023-10/filtered/000005843.jpg,Gibsons New England Harbour 1000 piece Jigsaw Puzzle,"Change the harbor into a bustling cityscape, with skyscrapers replacing the houses and add a sunset in the background."
/scratch/t-thang/code_base/misc/2023-10/filtered/000006323.jpg,Trilby Hat (Camel/Grey),Change the color of the Trilby Hat to black and add a red feather on the side.
/scratch/t-thang/code_base/misc/2023-10/filtered/000002469.jpg,"""""""Lairig Chru, Cairngorms""""""",Transform the image to a winter scene with snow on the mountains and replace the grass with a frozen lake.
/scratch/t-thang/code_base/misc/2023-10/filtered/000006089.jpg,an analysis of the view of women in ancient greece The status and characteristics of ancient and modern-day women in greece evolved from the events that occurred in the history of greece.,"Change the background to an ancient Greek cityscape, add some Greek women in traditional attire, and transform the style to be like a classic Greek fresco."
/scratch/t-thang/code_base/misc/2023-10/filtered/000000736.jpg,"""""""When The Work's All Done This Fall"""" Western Art by Cowboy Artists of America's Loren Entz""","Change the style of the image to resemble a Monet painting, add a herd of horses in the background, and replace the cowboy's hat with a sombrero."
/scratch/t-thang/code_base/misc/2023-10/filtered/000000638.jpg,the corner and nighthawks What is the meaning behind the edward hopper painting nighthawks the only place that illuminates in the dark corner of the street seems like a view from the.,Change the style of the image to resemble a Picasso painting; replace the street corner with a park scene; add more people inside the illuminated place to make it look crowded; make the overall tone of the image warmer.
/scratch/t-thang/code_base/misc/2023-10/filtered/000009003.jpg,AowVN%2B%252828%2529 - [ Hình Nền ] Anime Your Name. - Kimi no Nawa full HD cực đẹp | Anime Wallpaper,"Change the anime style to a realistic style, and add a shooting star in the sky."
/scratch/t-thang/code_base/misc/2023-10/filtered/000005754.jpg,Underwater Mayan Cenote Trash the Dress_1300,"Change the underwater scene to a tropical beach setting, replace the dress with a mermaid tail, and add a sunset in the background."
/scratch/t-thang/code_base/misc/2023-10/filtered/000001135.jpg,Waterfowl Lake - 32x40 inch,"Transform the lake into a field of lavender, add a mountain range in the background, and change the style to resemble a Monet painting."
/scratch/t-thang/code_base/misc/2023-10/filtered/000006905.jpg,"Jean-Auguste-Dominique Ingres, The Princesse de Brogile, Poster on foamcore",Transform the Princesse de Broglie's dress color to royal blue and change the background to a renaissance-style castle interior.
/scratch/t-thang/code_base/misc/2023-10/filtered/000001043.jpg,Some Of The Best Sci-Fi Art On This Planet,Transform the image into a cyberpunk style with neon lights and futuristic elements; replace the planets with a city skyline; make it a night scene with stars in the sky.
/scratch/t-thang/code_base/misc/2023-10/filtered/000007788.jpg,Zombies Wallpaper 1920x1080 Call of Duty Zombies W...,Change the zombies into superheroes and transform the background into a cityscape at dusk.
/scratch/t-thang/code_base/misc/2023-10/filtered/000004507.jpg,Ship in a storm,"Transform the stormy sea into a calm one, replace the ship with a yacht, and make the sky clear with a sunset."
/scratch/t-thang/code_base/misc/2023-10/filtered/000000230.jpg,Image result for song seung heon obsessed,"Change the background to a beach setting, add a sunset, and make the image look like a vintage photograph."
/scratch/t-thang/code_base/misc/2023-10/filtered/000001223.jpg,The Sci-Fi & Fantasy Works of Raphael Lacoste,Transform the image into a night scene with glowing stars and add a dragon flying in the sky.
/scratch/t-thang/code_base/misc/2023-10/filtered/000006204.jpg,Boeing B 17 Flying Fortress Wallpaper and Background Image 1600x900,Change the background to a sunset sky and add a flock of birds flying in the distance.
/scratch/t-thang/code_base/misc/2023-10/filtered/000008124.jpg,Maker:  Dale Lindenberg Title:  Red Eye Tree Frog Category:  Pictorial Score:  12,Change the background to a tropical rainforest and add a few more red eye tree frogs in various positions.
/scratch/t-thang/code_base/misc/2023-10/filtered/000009771.jpg,hot sale GOOD quality TOP art oil painting work nude male Nice GAY MAN oil painting male art Romantic & inebriation,"Change the background to a beach setting, add a sunset and make the painting style similar to that of Michelangelo."
/scratch/t-thang/code_base/misc/2023-10/filtered/000007707.jpg,Seven Horses Wallpapers Wallpaper Cave,"Transform the image into a sunset scene with the horses galloping on a beach, and make it look like a vintage photograph."
/scratch/t-thang/code_base/misc/2023-10/filtered/000005735.jpg,rossetto rouge dior 2021 rosso Life&People Magazine LifeandPeople.it,"Change the background to a luxurious dressing room, add a spotlight effect on the lipstick, and make the overall image style look like a vintage advertisement."
/scratch/t-thang/code_base/misc/2023-10/filtered/000003716.jpg,"Red Square, Moscow, St. Basil Cathedral. Model: Nataly","Change the model's dress color to purple, add a snow effect to the image, and make the St. Basil Cathedral look like it's made of gingerbread."
/scratch/t-thang/code_base/misc/2023-10/filtered/000001864.jpg,princess and the frog ride concept art,"Transform the frog into a dragon, make the princess wear a red dress, and change the background to a magical forest."
/scratch/t-thang/code_base/misc/2023-10/filtered/000003181.jpg,"Luxury Fine Art, Large Format Prints, Panoramic Photos, Iceland Landscape Photography, Limited Edition, Kirkjufell photo",Transform the image into a winter scene with snow covering the landscape and northern lights in the sky.
/scratch/t-thang/code_base/misc/2023-10/filtered/000008813.jpg,Sunny Isles Beach Homes For Sale,"Change the style of the image to a vintage sepia tone, add palm trees in the foreground, and replace the homes with classic beach bungalows."
/scratch/t-thang/code_base/misc/2023-10/filtered/000001311.jpg,"Nature landscape and rural houses in the village, original painting","Change the rural houses to modern skyscrapers while maintaining the nature landscape, and transform the style to be like a Monet painting."
/scratch/t-thang/code_base/misc/2023-10/filtered/000001690.jpg,Flowers Painting - Summer Flowers by Sandra Selle Rodriguez,"Change the style of the painting to resemble a Monet piece, and replace the summer flowers with a field of lavender."
/scratch/t-thang/code_base/misc/2023-10/filtered/000006095.jpg,"Michael Schlicting, Summer Breakfast","Transform the style of the image to be like a Monet painting, replace the breakfast items with a vase of sunflowers, and change the background to a beach setting."
